event_date,daily_trx
2023-07-22,50932
2020-04-26,1098
2020-09-06,2691
2021-10-30,10740
2021-09-13,8425
2022-11-23,40896
2020-06-14,1801
2023-09-12,56309
2020-12-23,7408
2023-01-08,26041
2023-12-28,224120
2023-10-12,51656
2022-07-22,38881
2023-02-19,22950
2021-01-14,9344
2021-09-30,13184
2021-01-29,8872
2023-11-03,105281
2023-10-25,107373
2022-01-19,6598
2019-12-08,1567
2020-03-15,1477
2020-07-26,1653
2023-04-30,44247
2020-11-23,4107
2022-07-07,56364
2019-09-14,1845
2023-12-11,93730
2020-01-16,2618
2022-02-05,7164
2023-03-17,35360
2023-08-26,102846
2022-09-24,29696
2021-11-28,11968
2022-04-07,8993
2021-04-03,12614
2022-05-15,5991
2023-05-30,93199
2022-12-05,63517
2021-08-18,6873
2020-01-29,3368
2023-07-07,48069
2020-05-30,2369
2023-09-29,200538
2020-09-15,3145
2021-07-03,7309
2021-10-17,4024
2023-11-20,83773
2022-06-22,8748
2023-06-26,112603
2021-12-07,9952
2022-09-09,38654
2019-11-17,1907
2021-08-01,6768
2020-12-08,7452
2021-03-08,9802
2022-03-27,6169
2023-04-11,71606
2024-01-23,67868
2020-02-18,2699
2022-12-22,48776
2022-08-06,35314
2022-08-25,51068
2023-02-28,92932
2023-08-14,66750
2019-10-05,2618
2022-10-05,49742
2022-10-31,77752
2020-10-02,4624
2019-08-28,1331
2021-05-15,5342
2021-07-23,6771
2020-08-08,3009
2021-03-19,3739
2020-02-29,3018
2023-05-15,63234
2022-04-22,8863
2020-11-04,5038
2019-10-31,3311
2020-05-15,2004
2021-01-03,3627
2022-10-16,21117
2022-03-07,10867
2021-02-21,3559
2022-06-03,11315
2023-04-07,43747
2020-07-09,2840
2022-01-14,6944
2019-10-22,2246
2022-09-26,57078
2022-03-21,7841
2020-07-07,3034
2020-02-12,2812
2020-06-24,2714
2022-04-28,18815
2019-10-16,2286
2019-11-06,3039
2022-07-24,24106
2020-12-28,10473
2022-02-03,12919
2021-05-17,6547
2023-09-10,32898
2020-08-10,3175
2022-12-20,53097
2023-12-22,79200
2023-06-01,90254
2021-08-24,7688
2021-09-02,11340
2023-08-08,63155
2020-04-28,1999
2022-10-22,37451
2020-01-31,3362
2022-11-17,65493
2020-06-16,2519
2023-08-28,150960
2020-12-06,3713
2021-03-25,6394
2023-04-28,94272
2023-04-13,40989
2020-03-06,2811
2023-07-28,114200
2023-03-06,55257
2021-07-05,9949
2021-11-01,7945
2023-12-05,83201
2022-03-09,7821
2020-01-14,2705
2021-02-04,7034
2022-06-05,6203
2022-06-20,7581
2021-06-01,10709
2021-08-07,6336
2020-12-25,3753
2019-11-23,3015
2023-01-23,49292
2021-04-20,10070
2021-12-30,11424
2023-09-27,135251
2022-08-08,52878
2022-01-08,7288
2020-11-06,4495
2021-10-15,6591
2022-01-21,7231
2022-11-06,27060
2023-07-13,46426
2023-03-23,44449
2019-09-03,872
2020-10-17,2805
2021-12-13,12001
2019-12-02,3081
2021-04-09,10642
2020-05-13,1509
2021-06-16,6403
2019-12-28,3153
2019-12-15,1719
2022-09-29,76212
2023-06-20,46247
2020-05-28,3262
2021-06-18,4786
2019-12-13,3011
2019-12-30,1618
2022-02-22,9850
2021-06-03,8967
2020-10-23,3202
2020-04-07,1708
2024-02-13,99190
2023-01-21,27426
2021-04-26,8436
2020-06-22,2585
2024-01-06,53109
2021-12-24,10762
2021-09-08,7864
2022-09-07,44739
2021-11-22,7552
2022-07-05,65714
2019-09-20,2512
2019-09-29,1443
2021-01-20,5072
2021-02-15,5633
2021-09-15,6793
2023-11-09,82460
2022-08-27,56591
2019-11-02,2348
2021-04-05,16281
2022-04-24,5462
2020-04-05,1246
2022-09-11,23633
2023-07-09,67235
2023-10-23,89583
2023-11-05,43998
2022-02-07,12450
2022-07-09,34408
2023-03-02,65744
2020-04-24,1654
2020-09-17,2995
2021-07-17,5093
2020-04-01,1784
2021-03-02,9698
2020-03-21,1222
2023-01-06,41108
2024-01-29,182543
2023-05-13,32186
2022-05-09,10916
2022-08-23,46506
2023-10-14,56354
2020-11-21,2882
2023-02-13,50361
2021-09-28,19877
2023-10-19,48645
2023-04-01,54104
2023-10-01,71353
2019-10-20,1622
2020-06-20,2378
2021-04-24,11213
2023-05-28,51461
2024-02-11,39461
2023-09-14,48736
2019-12-06,2670
2020-12-10,8773
2023-07-24,88476
2021-06-20,4333
2022-01-12,8604
2020-02-16,1811
2021-03-06,5254
2024-01-25,50333
2021-11-26,17485
2023-08-24,72519
2022-06-24,107606
2023-03-19,23495
2020-06-01,3511
2020-06-12,2780
2021-02-19,5158
2022-02-24,14022
2023-08-12,34705
2023-02-17,30745
2020-06-18,2586
2021-05-19,5541
2019-09-01,804
2021-09-26,5284
2023-11-07,67982
2019-12-17,3099
2022-03-11,6772
2022-10-01,48536
2021-06-14,6197
2022-08-21,23411
2019-10-18,2597
2020-06-26,3405
2024-02-09,94800
2021-07-19,6767
2019-12-04,3117
2021-12-26,7847
2021-08-20,7039
2023-05-17,45774
2023-12-26,89562
2019-11-19,2653
2020-10-21,3152
2021-05-13,6202
2021-06-05,5696
2021-01-31,5252
2021-10-28,15217
2022-10-03,76294
2023-11-22,60338
2021-07-01,11436
2022-06-07,9874
2021-02-02,8274
2021-09-17,5764
2022-02-01,10807
2020-04-30,1887
2023-06-03,49387
2022-04-26,11991
2023-04-26,72132
2023-09-08,50149
2020-11-25,3637
2021-09-06,9634
2023-05-02,84510
2023-04-09,28586
2023-04-05,52011
2020-10-04,3170
2021-10-02,9814
2022-11-02,74775
2020-01-01,1556
2021-10-19,6406
2023-12-09,58208
2022-10-18,71564
2022-07-20,42336
2020-09-04,4429
2019-10-03,2486
2022-08-04,54345
2020-11-02,3193
2020-07-11,2404
2020-07-28,3928
2022-04-09,7331
2023-01-10,46595
2023-01-19,34412
2022-03-25,8756
2022-09-22,38327
2023-06-24,90063
2022-06-01,14037
2019-08-30,1441
2021-09-11,4649
2022-01-17,6950
2023-10-10,67590
2020-03-02,3198
2024-01-08,86870
2022-12-03,40389
2022-05-13,8176
2021-03-21,2691
2020-03-17,2562
2021-07-21,6314
2020-12-21,7998
2020-01-18,2450
2022-11-21,49413
2021-01-01,8387
2019-12-11,2788
2021-01-16,4291
2022-03-05,6925
2023-04-03,89801
2019-12-26,3225
2023-08-10,56989
2022-07-26,65192
2019-11-04,2952
2023-05-11,39766
2020-03-19,2667
2020-04-03,1934
2023-04-15,36622
2022-03-23,8671
2023-01-04,58085
2022-09-28,96999
2021-12-11,6794
2019-11-21,2708
2022-06-16,7435
2023-07-01,60887
2023-03-28,125147
2021-10-10,5171
2021-09-19,3875
2024-02-19,95457
2022-04-02,8572
2021-07-13,7063
2020-06-28,2144
2021-05-02,10342
2023-06-05,80109
2024-01-03,70034
2020-10-06,4428
2020-05-26,4584
2020-10-19,3327
2020-01-12,1858
2021-02-17,5475
2023-12-07,65965
2023-07-26,73560
2019-10-01,2399
2019-09-18,1512
2020-03-04,2838
2021-04-22,5884
2020-02-14,3116
2022-12-18,29601
2021-03-04,7972
2023-08-30,86907
2021-01-24,3411
2022-03-13,5113
2020-04-16,1491
2021-06-23,6628
2020-06-04,3224
2021-05-05,14565
2020-03-25,1338
2021-03-14,2824
2021-03-29,12367
2023-01-27,61529
2022-04-17,4628
2023-05-10,69011
2023-09-06,61679
2022-09-03,45551
2019-11-28,4132
2023-10-02,131355
2023-03-21,43046
2021-10-13,6948
2021-07-07,7910
2021-08-22,4721
2021-04-07,11437
2023-12-24,59410
2021-03-23,7061
2020-12-27,4026
2020-12-04,6917
2021-08-05,8762
2020-07-24,2957
2022-04-13,9681
2024-02-07,72372
2024-01-12,54039
2022-12-07,47043
2020-08-31,4535
2020-09-21,3136
2022-02-20,3528
2023-11-26,52855
2020-10-08,3682
2023-06-22,42925
2020-02-02,2027
2022-11-04,45201
2022-01-23,5550
2020-12-30,10759
2022-02-18,5508
2023-02-15,41669
2020-05-11,1773
2020-09-02,4651
2022-01-10,8358
2023-10-16,120586
2022-08-10,46394
2020-11-19,2938
2020-07-05,1863
2022-12-09,41786
2023-01-25,49601
2021-11-24,8086
2022-06-18,5385
2023-07-11,50866
2022-11-19,29325
2022-10-20,36755
2020-09-19,2723
2021-09-04,7315
2020-11-08,2442
2022-05-11,8473
2024-01-10,156498
2020-08-12,2765
2020-07-22,3484
2022-04-11,8976
2022-09-05,66089
2022-04-19,8802
2023-08-31,128203
2021-07-11,4236
2019-10-10,2641
2021-01-07,10289
2020-05-18,3155
2019-08-24,171
2020-01-20,2579
2021-02-25,8998
2020-01-09,2860
2023-02-22,46369
2023-08-04,54069
2021-06-12,5798
2023-06-16,54071
2022-05-24,20827
2021-02-08,6069
2022-11-10,41772
2023-10-31,95564
2020-08-14,3059
2020-04-13,1501
2020-08-05,3661
2020-12-02,7852
2019-10-25,3129
2020-10-25,2242
2020-07-19,1679
2023-05-25,93141
2021-05-28,14750
2020-01-26,1704
2023-04-17,46426
2022-09-14,39755
2021-07-26,9351
2022-01-04,13067
2021-12-18,9050
2020-03-10,2712
2024-02-04,49023
2023-05-04,58744
2022-03-31,13271
2023-09-17,29940
2022-08-13,29338
2020-10-31,5692
2024-01-18,57595
2022-03-19,5125
2023-12-15,97441
2022-06-25,78186
2020-04-22,1547
2021-05-22,5352
2022-02-09,9217
2021-10-27,17792
2023-12-17,53106
2022-07-12,50630
2020-08-27,4804
2023-03-11,31061
2020-09-26,4040
2020-10-13,3364
2020-02-04,3053
2021-11-18,5619
2022-05-02,17234
2023-06-07,47096
2023-08-18,39955
2019-11-09,2838
2021-03-16,4560
2022-01-27,17695
2021-05-26,9766
2021-11-05,9797
2021-01-09,4840
2020-05-24,1499
2022-11-29,81108
2023-08-16,43015
2020-02-24,2795
2022-12-11,24773
2023-01-01,23014
2019-12-19,2796
2022-03-04,9909
2019-09-25,1934
2020-09-09,3285
2020-05-09,1349
2021-02-27,7313
2024-02-02,111984
2020-12-13,2864
2022-07-27,95879
2023-09-23,96756
2020-11-17,3261
2021-08-12,6989
2022-05-21,6028
2024-01-16,44322
2022-12-24,41327
2020-08-06,3391
2021-12-09,7450
2021-08-03,11807
2020-01-27,2587
2020-05-17,1477
2019-09-16,1469
2024-02-17,49528
2021-11-16,8509
2019-11-13,2560
2020-03-12,1542
2023-08-02,74483
2023-07-18,40251
2022-06-10,8415
2020-10-11,2059
2020-09-28,4847
2021-02-10,6384
2021-02-23,7726
2022-06-12,5998
2020-09-30,5106
2021-05-24,7268
2022-07-16,28703
2019-09-12,1585
2020-01-05,1829
2022-10-07,38460
2021-04-28,11257
2023-06-09,75268
2022-12-28,64740
2020-10-29,4900
2022-08-30,83212
2019-11-15,2688
2020-11-28,4901
2023-05-06,39282
2023-01-12,38037
2022-08-28,75047
2021-12-03,10715
2023-08-22,62497
2020-11-26,5088
2021-12-20,10880
2019-10-27,1524
2023-05-19,66901
2022-05-19,6484
2020-01-03,2240
2023-12-02,70832
2023-02-07,53955
2022-05-30,17278
2020-02-10,2933
2021-05-30,6946
2023-10-21,42442
2021-01-18,5347
2021-11-03,11737
2023-11-24,146176
2022-07-03,37170
2023-03-04,41109
2023-09-25,101794
2021-12-28,14488
2024-01-27,133009
2023-10-04,70395
2022-09-01,46118
2022-09-16,57014
2021-07-24,5925
2021-03-01,10246
2021-02-06,5106
2021-11-07,6397
2022-03-02,14728
2021-05-04,12606
2022-04-30,13594
2024-01-05,70726
2022-08-17,42702
2022-07-29,95869
2020-11-15,2558
2020-10-27,4240
2019-11-30,4222
2020-12-15,9418
2021-07-15,7346
2023-04-19,38204
2022-02-13,4422
2023-11-11,42281
2020-10-15,3169
2020-05-22,3149
2022-07-14,46314
2019-09-06,1646
2021-06-25,11520
2020-09-07,3933
2020-04-18,1262
2021-03-12,4015
2023-04-23,35139
2020-12-19,6580
2021-08-27,16629
2020-02-22,2321
2020-07-04,2760
2021-10-21,5981
2022-10-09,24890
2022-02-26,11283
2022-07-18,48863
2019-09-23,1754
2021-03-31,9147
2020-03-27,1705
2023-02-02,73189
2019-11-26,3803
2020-11-11,3647
2021-04-15,6817
2021-11-11,7505
2019-12-25,1810
2021-01-26,8279
2023-02-24,81923
2020-09-11,3129
2023-03-26,38943
2023-07-03,86143
2023-03-13,41822
2021-07-28,17631
2020-07-13,2752
2021-04-30,14349
2022-05-04,13039
2023-06-11,42578
2021-06-29,15892
2021-05-11,7564
2022-01-31,13275
2023-10-29,71591
2023-11-15,54529
2022-11-12,28563
2021-09-10,6937
2021-06-21,8436
2023-11-21,54976
2020-03-18,2380
2021-04-11,6965
2020-03-08,1736
2022-05-23,9273
2021-12-16,9006
2023-01-16,52735
2022-04-15,7833
2023-01-29,43911
2021-09-21,6681
2022-11-08,37151
2022-05-26,14265
2023-08-06,53963
2022-06-29,100829
2020-08-29,4121
2020-01-07,3107
2022-03-15,8828
2023-07-20,41308
2023-02-26,42930
2019-12-23,3964
2020-02-20,2442
2021-12-31,9368
2019-10-29,3410
2021-07-30,11864
2024-02-15,59578
2022-03-29,21221
2023-01-31,82762
2023-11-30,95609
2022-10-26,56994
2022-10-11,72093
2022-07-01,65431
2023-07-16,27132
2023-02-09,44498
2019-09-08,965
2023-11-13,80394
2022-02-15,7841
2022-01-25,9961
2023-01-18,38365
2021-12-01,13965
2019-11-11,2765
2022-08-19,32639
2021-08-29,8422
2019-10-12,2643
2021-04-13,10492
2020-07-17,3031
2020-02-26,3165
2023-05-23,50176
2021-11-29,16980
2023-09-04,105711
2021-11-20,5069
2020-04-15,1628
2020-08-16,2212
2023-05-08,57804
2024-02-21,82478
2023-11-02,55479
2023-06-29,100760
2022-06-14,7721
2023-02-20,36190
2020-05-07,1804
2021-01-11,6380
2023-12-19,72540
2022-12-30,103383
2024-01-14,32846
2021-08-10,7966
2020-08-03,5689
2023-02-11,31219
2021-06-10,7451
2023-11-28,115781
2022-11-14,38526
2023-07-05,94761
2023-03-15,44751
2023-06-12,65490
2019-09-21,3100
2021-06-08,7502
2021-01-05,6365
2021-04-17,6774
2023-12-30,71087
2023-09-19,52527
2023-08-20,28724
2020-06-30,7438
2022-01-06,9918
2019-10-14,2246
2019-10-23,2621
2021-08-31,13614
2020-11-30,7349
2022-04-04,13613
2020-01-24,2637
2022-12-01,100628
2023-06-18,25991
2023-03-09,47927
2020-06-06,2566
2023-07-14,42272
2021-10-25,9875
2022-10-24,29291
2023-10-27,137770
2023-03-24,45030
2020-10-09,3480
2020-05-20,3830
2021-10-23,6656
2022-05-06,9150
2021-08-25,8044
2023-09-02,59083
2020-01-28,3209
2021-02-01,5102
2020-01-17,2768
2022-11-03,59422
2023-10-22,48749
2019-08-31,1555
2020-04-25,1399
2023-05-27,69425
2022-12-02,56410
2024-01-09,73632
2021-09-07,9026
2020-11-24,5301
2020-12-11,10136
2023-04-10,57519
2022-04-08,9509
2020-04-11,1383
2020-07-30,4205
2020-08-20,3100
2022-09-20,40911
2022-01-02,5807
2023-10-08,45282
2022-08-02,74480
2021-08-14,5646
2022-12-26,126767
2022-12-17,42431
2024-01-01,68595
2022-10-28,64615
2020-05-03,1251
2020-08-25,3662
2019-09-10,1570
2021-06-06,5037
2023-06-14,41687
2020-06-10,3081
2021-09-25,6298
2021-10-04,12095
2022-11-27,38695
2021-08-21,5663
2021-03-05,6432
2023-01-03,39666
2023-04-04,82439
2019-09-02,1368
2022-07-25,55829
2023-03-05,30749
2020-05-01,1585
2021-11-04,6441
2021-10-12,7559
2022-10-19,44703
2020-02-08,1835
2020-01-22,2479
2019-08-26,818
2023-07-31,95912
2020-04-20,1914
2020-05-05,2025
2022-02-28,18298
2023-12-13,66202
2020-07-15,3133
2022-05-17,7480
2022-12-15,44488
2023-05-21,29659
2023-10-06,57355
2022-07-31,42092
2021-12-22,11895
2021-08-16,7342
2020-11-13,2978
2022-09-18,19808
2019-11-24,2014
2020-08-18,3293
2020-03-29,1271
2022-04-21,7760
2021-02-12,3959
2022-02-11,6585
2023-11-17,48737
2021-11-09,9315
2022-03-17,6898
2021-11-14,4199
2021-12-05,6094
2021-07-09,7182
2022-12-13,44154
2023-09-21,54600
2021-03-27,8383
2020-03-23,1278
2024-01-31,128744
2021-10-08,7201
2020-02-06,2927
2023-03-30,87222
2021-05-07,8858
2020-09-24,3414
2019-09-27,2703
2021-01-22,4900
2019-12-21,3480
2022-10-13,37944
2021-02-18,4694
2023-07-08,81682
2023-04-06,46180
2021-06-04,8232
2023-03-03,70453
2020-05-16,1845
2021-06-30,12125
2019-09-15,1265
2021-01-02,7299
2021-04-23,6311
2022-08-05,41596
2020-11-03,4678
2021-03-07,3981
2021-03-20,3985
2023-01-20,31597
2023-05-01,70850
2021-03-18,3594
2021-12-08,8909
2023-09-13,67449
2023-09-28,118387
2020-02-19,2458
2023-12-27,107110
2022-05-14,6605
2019-12-31,3029
2023-11-19,30915
2020-05-14,1635
2019-10-06,1669
2021-06-19,4988
2020-10-01,5001
2021-01-30,7126
2023-11-04,57713
2021-10-03,7920
2019-12-10,3050
2021-01-15,6526
2021-10-18,6385
2022-10-04,60734
2020-07-12,1507
2022-04-25,9213
2023-10-11,53538
2022-08-26,61142
2021-12-25,7118
2021-11-25,9153
2023-09-15,47322
2021-12-10,11408
2021-07-20,7807
2020-08-07,3285
2020-04-04,1877
2024-01-24,86959
2021-10-06,8827
2022-11-25,54006
2020-06-08,3264
2022-06-27,101816
2020-09-13,1987
2020-08-23,2273
2022-10-30,37040
2022-08-15,36603
2019-10-08,2161
2021-03-10,4595
2020-08-01,3341
2021-04-02,12468
2023-01-14,27186
2021-04-21,6108
2022-12-08,44666
2022-05-10,10577
2023-09-24,78369
2022-08-20,28340
2020-11-09,3787
2023-09-09,81179
2021-03-22,6332
2024-02-10,50677
2022-06-17,7630
2020-10-20,3194
2020-10-05,4658
2023-07-27,116978
2022-02-08,10321
2022-11-20,27637
2022-06-02,11389
2020-06-02,3637
2023-07-25,101329
2023-08-11,42284
2022-02-23,9190
2020-03-01,1933
2023-12-25,71403
2022-01-13,7459
2023-09-30,73837
2019-11-03,1756
2022-03-26,7350
2021-11-02,8182
2023-11-25,77256
2022-09-30,62938
2023-07-29,76188
2023-02-12,59493
2021-07-04,6098
2022-11-16,37188
2024-02-08,107157
2023-04-14,37000
2023-04-27,82364
2022-04-12,9836
2022-08-09,51355
2021-08-23,8315
2019-10-15,2248
2020-06-23,2749
2021-04-10,10882
2024-01-11,62843
2022-12-19,49568
2022-08-11,38707
2022-09-06,53731
2022-09-27,91175
2021-07-18,3898
2019-11-20,2677
2020-04-02,1836
2022-04-10,5620
2022-03-24,8743
2023-11-08,113505
2023-07-10,75431
2023-03-20,35354
2020-09-01,4828
2019-09-17,1697
2022-02-17,7457
2021-05-14,4244
2022-07-10,26180
2022-10-17,48814
2020-02-17,2746
2022-12-25,28519
2022-09-12,48912
2020-12-20,5142
2021-08-04,12328
2024-02-12,89249
2023-01-09,52537
2021-09-23,6530
2022-01-29,11258
2022-05-28,13693
2021-05-09,6980
2023-02-05,29968
2021-06-27,7393
2021-01-28,9615
2023-12-04,113394
2020-07-02,3587
2020-03-14,2094
2024-01-20,57810
2020-12-17,5269
2020-04-09,1434
2023-04-21,67360
2024-02-06,100870
2023-04-29,61290
2019-11-16,2985
2019-10-21,2212
2022-10-15,27076
2023-06-27,80047
2021-05-16,3697
2023-05-12,40674
2021-12-27,14851
2020-03-20,1659
2020-08-13,3092
2023-04-16,27110
2021-09-16,6127
2021-02-03,8145
2021-06-15,6534
2019-10-02,2555
2023-12-08,108784
2023-11-23,59708
2021-04-08,11766
2020-06-25,3236
2023-10-17,58262
2020-12-26,5026
2022-01-22,6441
2022-11-05,32702
2020-05-27,3122
2021-01-17,3171
2022-03-12,6867
2022-10-02,39553
2022-06-23,69710
2020-06-11,2753
2020-10-03,4375
2019-10-04,2536
2020-09-18,2822
2020-09-03,4191
2021-10-29,14762
2023-12-10,43119
2019-10-19,2812
2022-09-21,39074
2023-06-28,103181
2023-06-19,73052
2023-03-31,70572
2020-01-23,2531
2022-02-14,7056
2022-11-09,38636
2020-01-08,2924
2021-11-08,11023
2023-07-15,43525
2019-09-05,1625
2020-10-28,5159
2020-02-27,3206
2021-11-30,15572
2020-03-16,2450
2023-01-22,22107
2020-12-09,5186
2021-09-09,6696
2020-07-10,2750
2020-06-21,1587
2020-02-28,3316
2022-04-23,5819
2021-10-31,8242
2019-12-12,2743
2023-12-12,63869
2022-10-06,46686
2023-02-18,53447
2022-07-08,44573
2023-04-08,34835
2020-01-30,3256
2022-04-27,20422
2023-06-02,62008
2023-12-23,114225
2020-11-18,2988
2019-11-05,3224
2021-11-23,8471
2019-12-05,2823
2021-08-06,7350
2024-01-26,89384
2023-04-25,81379
2023-01-26,50052
2020-01-11,2632
2022-02-02,7644
2020-06-17,2568
2023-08-09,91247
2023-02-14,42086
2023-12-06,72423
2022-07-06,58260
2023-08-07,75522
2021-06-17,6591
2021-03-03,8477
2020-03-31,1872
2021-03-24,6334
2022-01-09,5302
2020-07-08,3003
2023-10-07,80936
2022-01-01,5648
2021-08-15,4462
2020-03-13,2092
2024-02-05,107306
2022-08-31,69284
2021-11-13,5762
2021-05-10,9618
2022-02-12,6297
2022-11-15,37236
2023-12-03,53218
2020-08-22,2716
2023-11-06,97651
2022-01-16,4862
2023-03-18,28084
2023-06-25,33482
2020-10-22,3142
2023-02-16,37160
2022-07-19,38209
2020-01-02,1608
2022-03-06,6464
2020-06-19,2520
2021-04-06,12054
2022-05-12,8110
2023-05-18,38993
2021-08-19,6059
2023-08-23,50117
2019-11-18,2577
2019-12-07,2608
2020-07-27,3102
2020-07-06,2994
2022-01-11,8540
2021-12-12,5374
2023-08-29,113549
2020-12-05,7283
2020-02-03,3434
2023-06-23,48541
2022-06-08,9558
2021-05-20,6594
2022-07-04,71790
2020-05-10,1097
2021-07-06,9594
2020-04-06,1758
2023-01-07,30298
2020-12-22,11432
2022-08-07,26966
2021-08-17,7299
2022-12-23,48792
2021-10-16,5892
2023-03-01,89617
2020-01-15,2666
2020-07-25,2442
2021-03-09,9731
2020-08-09,2130
2024-01-22,110011
2022-04-06,11946
2024-02-14,77818
2021-07-22,6944
2021-12-23,10598
2022-01-15,5817
2020-11-05,4576
2019-11-01,2478
2022-12-04,30876
2019-09-13,1741
2020-09-16,3024
2022-06-04,8015
2020-10-24,2790
2021-09-12,4522
2021-10-01,11790
2022-09-23,39289
2021-11-27,12683
2021-04-25,5370
2021-01-04,8353
2021-01-13,9106
2023-08-13,43415
2022-06-21,10206
2023-10-24,73968
2022-11-22,44245
2022-01-18,4823
2022-11-01,72197
2023-03-07,50174
2020-04-29,1938
2019-09-19,1914
2020-10-18,2160
2020-01-13,2775
2022-11-07,39202
2022-01-20,8041
2023-08-27,56254
2021-08-08,5197
2023-05-14,26012
2024-01-13,46995
2022-05-27,16420
2021-05-08,6874
2021-02-07,3456
2021-02-28,6044
2021-09-20,6312
2022-11-30,73663
2023-02-21,46350
2022-06-30,84434
2021-06-11,5519
2019-10-13,1762
2020-06-29,3747
2024-01-04,94401
2024-01-15,96542
2022-05-01,10120
2020-08-02,2497
2022-04-05,13643
2022-09-15,38375
2020-02-15,2427
2020-03-03,3230
2019-10-17,2337
2021-09-05,5689
2020-07-21,3056
2021-02-16,5920
2021-09-27,11303
2023-10-20,51858
2022-11-18,31757
2021-05-29,10103
2020-09-20,1932
2019-12-27,3399
2020-12-31,6929
2019-12-16,2798
2021-12-02,12902
2024-02-01,79740
2024-01-02,40858
2023-09-22,52562
2021-12-17,9890
2022-01-05,13150
2022-07-28,89008
2020-10-26,3665
2021-06-13,4130
2022-10-25,88585
2021-09-18,4879
2022-01-24,8338
2022-06-15,7963
2023-04-12,78141
2023-08-25,92075
2022-08-24,49699
2023-10-13,47674
2023-05-16,42377
2024-01-07,42070
2022-03-08,10445
2022-02-21,7192
2023-07-23,72130
2021-07-02,9946
2020-09-05,3548
2023-07-06,55294
2021-06-02,10008
2022-02-06,6046
2021-01-19,4454
2019-12-29,2226
2022-07-23,30900
2023-04-02,41692
2021-05-18,5997
2020-05-29,3102
2021-02-05,6248
2022-03-22,9440
2022-09-08,38618
2020-12-24,10589
2021-12-29,12898
2020-03-05,2835
2022-05-08,6823
2022-12-21,52539
2022-04-29,17244
2021-10-14,5921
2019-12-14,2748
2022-10-21,50834
2023-06-21,80511
2020-06-15,2772
2020-02-01,2372
2020-08-11,2684
2021-12-14,9160
2023-09-11,104332
2019-11-07,1423
2023-12-21,76303
2020-02-07,3226
2020-09-08,3530
2023-10-05,83353
2022-08-16,44362
2023-06-06,66624
2020-03-24,1515
2019-11-08,2002
2021-07-14,7258
2019-09-30,2251
2023-07-12,61774
2022-06-19,4587
2020-10-07,4097
2021-09-29,15185
2021-09-14,7234
2023-01-24,41522
2022-09-25,25431
2023-09-26,95644
2020-11-07,3229
2021-04-19,11068
2020-02-13,2709
2023-05-31,109573
2022-12-06,56880
2021-12-21,11744
2019-10-30,2958
2023-05-22,60145
2024-01-21,44216
2020-07-31,3901
2020-04-08,1670
2021-04-01,11997
2023-05-05,46720
2022-04-20,8891
2022-03-30,16547
2023-02-01,53366
2020-12-16,9976
2019-12-22,2735
2022-02-27,10336
2023-07-30,47146
2019-09-11,1633
2021-06-09,7309
2022-03-28,16059
2022-09-10,30767
2021-08-02,14403
2019-12-09,2785
2020-11-22,2199
2021-04-04,10354
2023-05-29,93359
2022-07-21,39392
2020-04-27,1824
2023-03-16,43353
2019-08-29,1524
2020-05-31,1820
2020-06-13,2526
2021-02-20,4383
2022-02-19,4774
2020-05-12,1675
2021-05-31,12974
2021-02-14,4249
2022-02-04,10539
2023-11-10,61534
2023-01-05,53894
2024-01-28,67087
2021-11-21,4612
2019-11-22,3066
2019-12-03,3167
2023-10-15,39999
2021-09-03,10335
2020-11-20,3085
2019-11-29,4279
2021-07-27,12391
2020-12-12,6631
2021-03-28,5392
2021-03-15,4352
2023-04-18,47674
2023-10-03,100323
2023-02-23,53708
2020-05-08,1701
2019-09-26,2368
2020-01-10,2868
2023-12-18,148616
2022-10-12,43424
2023-11-29,112070
2022-03-03,13636
2021-10-11,7686
2021-05-27,14166
2020-09-23,3230
2020-10-16,3382
2023-11-12,27284
2022-01-26,13155
2022-10-23,26980
2023-02-10,39749
2019-09-28,2822
2020-05-06,1946
2022-07-30,56189
2022-01-07,9236
2022-04-14,7522
2020-12-29,11245
2022-03-10,9946
2020-09-22,3285
2020-08-30,2978
2023-03-22,30771
2022-06-06,10684
2019-09-04,1526
2023-10-18,49012
2020-03-22,958
2020-07-23,2764
2021-07-16,6013
2020-12-07,10033
2022-08-22,59205
2023-02-25,56034
2023-12-01,100088
2021-10-05,11187
2022-01-30,9620
2023-10-28,89169
2023-07-02,58069
2023-06-15,41236
2021-05-21,6131
2020-04-10,1576
2023-04-24,73823
2023-05-03,70821
2020-07-03,3413
2022-12-16,89773
2019-10-09,2722
2021-10-09,5756
2021-01-21,4896
2021-01-12,8974
2023-11-27,167263
2023-08-05,41508
2021-12-15,10556
2021-08-09,8666
2020-07-18,2457
2021-04-12,7317
2022-05-22,6241
2022-12-31,38332
2020-04-14,1502
2021-03-26,7632
2023-01-15,22095
2020-12-14,5634
2023-03-08,47958
2023-11-01,74532
2021-10-24,4646
2019-12-20,3698
2023-12-20,84322
2022-10-14,36103
2020-04-19,928
2023-09-20,34193
2019-10-24,2807
2020-03-07,2484
2022-12-12,75690
2021-03-17,4119
2020-08-17,3446
2023-05-07,31947
2022-09-02,109133
2020-12-01,7941
2019-12-01,1872
2022-06-13,8185
2022-03-16,7735
2022-07-13,47767
2021-06-24,6816
2023-05-24,55713
2023-04-20,41993
2023-08-17,87952
2021-11-19,5519
2020-06-05,3269
2021-05-25,7471
2020-05-23,2492
2022-03-01,12998
2020-08-28,4974
2021-09-01,14401
2020-11-14,3395
2021-05-03,12848
2024-02-22,71099
2023-01-30,95568
2024-01-30,113676
2023-09-05,76256
2021-07-25,4723
2022-08-14,20451
2019-10-07,2051
2021-04-18,3744
2021-04-27,10437
2020-07-01,3603
2022-12-29,59517
2022-05-07,7709
2022-05-16,8704
2020-08-19,3136
2021-12-06,8931
2021-07-31,10405
2019-11-14,2322
2023-07-04,79818
2020-10-10,3200
2021-09-22,6943
2023-10-26,98904
2021-01-06,11880
2023-12-14,66308
2022-07-15,43795
2020-09-14,2980
2020-10-30,4894
2020-02-21,1617
2023-01-13,56818
2023-08-19,34598
2019-08-27,1089
2020-01-21,2519
2021-10-07,7221
2022-11-24,38950
2021-01-27,11573
2021-03-11,4108
2023-04-22,42188
2022-09-17,33456
2020-11-29,3777
2022-05-29,9979
2023-03-25,68694
2022-06-11,6175
2020-05-21,3378
2021-11-10,8891
2022-03-18,6103
2020-04-21,1760
2022-06-26,52668
2023-07-19,42669
2021-06-28,17002
2021-11-12,7594
2022-02-25,13984
2023-12-16,70841
2019-11-12,2561
2021-03-30,11399
2024-02-03,68520
2023-01-11,43356
2021-04-16,11654
2023-09-16,45311
2023-09-18,77759
2023-06-08,46887
2024-02-16,87729
2021-07-08,7305
2020-09-29,5395
2021-05-23,4151
2022-01-28,18349
2023-11-18,40839
2022-10-08,53575
2022-08-01,82476
2020-11-12,3080
2020-07-16,2853
2022-12-14,57055
2020-03-30,1750
2020-06-07,1730
2021-02-13,4287
2020-01-06,3085
2023-02-27,140316
2022-06-28,125570
2019-09-22,2192
2021-08-26,11506
2023-12-29,85770
2023-09-03,54432
2019-11-25,3018
2023-06-13,42509
2023-03-14,40524
2021-02-22,5791
2020-02-09,1906
2021-10-22,7578
2022-10-29,49402
2023-02-04,67234
2023-07-21,44893
2021-06-26,8796
2020-05-04,2437
2019-11-10,1901
2023-05-09,68661
2023-01-17,42511
2020-03-09,2707
2022-05-03,10116
2022-12-10,32024
2021-08-11,8051
2023-02-08,50588
2021-06-22,7127
2020-09-10,3111
2019-12-18,2954
2020-02-05,3003
2023-03-29,113863
2020-09-25,4179
2021-07-12,7850
2020-03-26,1577
2023-07-17,75084
2021-02-26,9216
2021-02-09,6687
2023-06-17,38066
2020-05-25,3182
2020-06-03,3510
2022-09-04,34745
2023-08-15,52862
2020-12-03,6701
2020-02-25,3224
2020-07-20,2762
2021-05-01,9255
2023-06-04,43179
2021-08-30,14510
2019-10-26,3153
2024-02-23,71450
2022-07-02,48771
2021-01-10,3847
2021-10-26,11641
2020-01-25,1903
2023-10-30,116573
2022-11-28,142384
2022-02-16,7518
2020-04-12,1074
2024-01-17,75139
2023-05-26,146303
2023-01-02,37729
2020-11-16,3321
2023-08-03,78697
2020-08-26,4588
2020-04-17,1536
2021-11-06,7775
2021-01-23,4761
2022-11-11,34676
2023-06-30,90843
2023-09-07,54646
2020-08-04,7027
2020-08-15,2360
2022-04-16,6155
2023-01-28,80036
2024-02-20,67884
2022-08-18,35341
2022-07-11,54641
2023-03-10,72535
2020-10-14,3279
2021-11-17,6688
2022-09-13,45598
2022-04-03,8437
2021-04-14,9764
2020-06-27,3260
2022-05-20,7247
2019-10-11,2762
2019-09-07,1847
2022-03-14,7724
2023-11-14,57362
2022-05-25,14104
2021-05-06,12211
2021-01-25,6722
2022-03-20,4899
2022-10-10,43886
2023-11-16,51081
2022-11-26,49731
2021-07-10,5809
2020-11-27,6033
2023-02-03,55249
2020-02-23,1607
2020-07-14,3267
2023-06-10,41825
2022-08-03,76399
2021-08-28,13550
2019-10-28,3053
2021-08-13,6673
2019-09-24,2236
2020-01-04,2798
2022-10-27,66417
2022-11-13,23513
2020-09-27,3127
2022-08-29,103094
2019-11-27,3979
2021-07-29,14054
2020-08-21,3154
2022-05-18,8095
2021-06-07,7901
2021-02-11,5469
2021-09-24,8270
2022-02-10,8696
2023-03-27,72731
2020-06-09,3217
2020-10-12,3729
2021-11-15,7494
2023-08-21,64999
2023-09-01,79469
2021-03-13,3724
2020-07-29,4443
2020-03-11,2560
2024-01-19,56449
2023-10-09,76645
2020-11-01,2903
2023-08-01,99287
2020-05-02,1625
2021-01-08,9131
2022-06-09,8244
2020-05-19,3084
2022-09-19,44904
2020-03-28,1690
2022-04-01,13276
2022-04-18,6900
2023-12-31,55624
2023-02-06,62049
2020-04-23,1542
2020-09-12,3023
2022-05-31,14614
2019-08-25,436
2021-12-04,7345
2024-02-18,36499
2023-05-20,33682
2022-12-27,66017
2022-01-03,8490
2022-08-12,53133
2022-07-17,23110
2020-08-24,3528
2019-09-09,874
2019-12-24,4114
2021-10-20,5770
2020-02-11,2560
2020-01-19,1812
2021-02-24,9681
2023-03-12,48077
2021-05-12,7397
2020-12-18,11644
2021-04-29,13491
2022-05-05,10699
2021-12-19,6167
2020-11-10,3736
